CO_ANO,CO_IES,NO_IES,NO_OCDE,MATT,CONCLT,VAGT,INSCRT,INGR
"2012","316","UNIVERSIDADE NOVE DE JULHO","Gestao de pessoal / recursos humanos","1698","338","967","3284","980"
"2012","316","UNIVERSIDADE NOVE DE JULHO","Contabilidade","183","81","60","184","79"
"2012","316","UNIVERSIDADE NOVE DE JULHO","Gestao estrategica de empresas","75","32","10","57","32"
"2012","316","UNIVERSIDADE NOVE DE JULHO","Administracao de redes","48","10","18","94","13"
"2012","316","UNIVERSIDADE NOVE DE JULHO","Administracao de redes","99","34","43","216","59"
"2012","316","UNIVERSIDADE NOVE DE JULHO","Gestao de pessoal / recursos humanos","2690","538","1372","5267","1391"
"2012","316","UNIVERSIDADE NOVE DE JULHO","Gestao de pessoal / recursos humanos","790","196","422","1775","424"
"2012","316","UNIVERSIDADE NOVE DE JULHO","Administracao de redes","48","12","18","71","29"
"2012","316","UNIVERSIDADE NOVE DE JULHO","Gestao estrategica de empresas","7","0","5","24","4"
"2012","316","UNIVERSIDADE NOVE DE JULHO","Gestao estrategica de empresas","3","0","140","34","5"
"2012","316","UNIVERSIDADE NOVE DE JULHO","Contabilidade","46","0","23","106","21"
"2012","316","UNIVERSIDADE NOVE DE JULHO","Contabilidade","27","1","23","74","20"
"2012","316","UNIVERSIDADE NOVE DE JULHO","Gestao de pessoal / recursos humanos","2033","399","1116","3870","1101"
"2012","316","UNIVERSIDADE NOVE DE JULHO","Contabilidade","0","0","140","0","0"
"2012","316","UNIVERSIDADE NOVE DE JULHO","Administracao de redes","24","4","15","79","19"
"2012","316","UNIVERSIDADE NOVE DE JULHO","Seguros","440","115","221","316","212"
"2012","316","UNIVERSIDADE NOVE DE JULHO","Administracao em micro e pequenas empresas","87","33","43","343","31"
"2013","316","UNIVERSIDADE NOVE DE JULHO","Gestao de pessoal / recursos humanos","1781","330","910","2332","789"
"2013","316","UNIVERSIDADE NOVE DE JULHO","Contabilidade","69","30","280","72","16"
"2013","316","UNIVERSIDADE NOVE DE JULHO","Gestao estrategica de empresas","33","14","280","0","1"
"2013","316","UNIVERSIDADE NOVE DE JULHO","Administracao de redes","37","14","130","101","22"
"2013","316","UNIVERSIDADE NOVE DE JULHO","Administracao de redes","82","28","191","143","35"
"2013","316","UNIVERSIDADE NOVE DE JULHO","Gestao de pessoal / recursos humanos","2953","571","1750","3988","1354"
"2013","316","UNIVERSIDADE NOVE DE JULHO","Gestao de pessoal / recursos humanos","817","194","560","1242","398"
"2013","316","UNIVERSIDADE NOVE DE JULHO","Administracao de redes","40","9","141","141","12"
"2013","316","UNIVERSIDADE NOVE DE JULHO","Gestao estrategica de empresas","0","0","210","0","0"
"2013","316","UNIVERSIDADE NOVE DE JULHO","Gestao estrategica de empresas","0","0","140","0","0"
"2013","316","UNIVERSIDADE NOVE DE JULHO","Contabilidade","23","18","210","70","3"
"2013","316","UNIVERSIDADE NOVE DE JULHO","Contabilidade","12","6","210","0","0"
"2013","316","UNIVERSIDADE NOVE DE JULHO","Gestao de pessoal / recursos humanos","2236","345","560","2898","1045"
"2013","316","UNIVERSIDADE NOVE DE JULHO","Administracao de redes","21","4","140","140","11"
"2013","316","UNIVERSIDADE NOVE DE JULHO","Seguros","314","185","235","140","22"
"2013","316","UNIVERSIDADE NOVE DE JULHO","Administracao em micro e pequenas empresas","55","36","190","70","7"
"2012","316","UNIVERSIDADE NOVE DE JULHO","Gestao financeira","0","0","36","129","0"
"2012","316","UNIVERSIDADE NOVE DE JULHO","Gestao financeira","50","20","0","0","33"
"2012","316","UNIVERSIDADE NOVE DE JULHO","Gestao financeira","0","0","0","0","1"
"2012","316","UNIVERSIDADE NOVE DE JULHO","Gestao financeira","17","7","0","0","12"
"2012","316","UNIVERSIDADE NOVE DE JULHO","Gestao financeira","13","6","0","0","8"
"2012","316","UNIVERSIDADE NOVE DE JULHO","Gestao logistica","0","0","316","1628","0"
"2012","316","UNIVERSIDADE NOVE DE JULHO","Gestao logistica","136","0","0","0","213"
"2012","316","UNIVERSIDADE NOVE DE JULHO","Gestao logistica","193","60","0","0","119"
"2012","316","UNIVERSIDADE NOVE DE JULHO","Gestao logistica","0","0","0","0","1"
"2012","316","UNIVERSIDADE NOVE DE JULHO","Gestao logistica","52","19","0","0","30"
"2012","316","UNIVERSIDADE NOVE DE JULHO","Gestao logistica","12","0","0","0","13"
"2012","316","UNIVERSIDADE NOVE DE JULHO","Gestao logistica","23","4","0","0","22"
"2012","316","UNIVERSIDADE NOVE DE JULHO","Pedagogia","0","0","1356","7425","0"
"2012","316","UNIVERSIDADE NOVE DE JULHO","Pedagogia","1892","305","0","0","1920"
"2012","316","UNIVERSIDADE NOVE DE JULHO","Pedagogia","2","0","0","0","2"
"2012","316","UNIVERSIDADE NOVE DE JULHO","Pedagogia","899","412","0","0","584"
"2012","316","UNIVERSIDADE NOVE DE JULHO","Pedagogia","329","121","0","0","192"
"2012","316","UNIVERSIDADE NOVE DE JULHO","Administracao de redes","0","0","197","1307","0"
"2012","316","UNIVERSIDADE NOVE DE JULHO","Administracao de redes","156","0","0","0","145"
"2012","316","UNIVERSIDADE NOVE DE JULHO","Administracao de redes","25","4","0","0","9"
"2012","316","UNIVERSIDADE NOVE DE JULHO","Administracao de redes","24","9","0","0","10"
"2012","316","UNIVERSIDADE NOVE DE JULHO","Administracao de redes","5","0","0","0","1"
"2012","316","UNIVERSIDADE NOVE DE JULHO","Negocios internacionais","0","0","122","853","0"
"2012","316","UNIVERSIDADE NOVE DE JULHO","Negocios internacionais","83","0","0","0","67"
"2012","316","UNIVERSIDADE NOVE DE JULHO","Negocios internacionais","28","7","0","0","19"
"2012","316","UNIVERSIDADE NOVE DE JULHO","Negocios internacionais","1","0","0","0","1"
"2012","316","UNIVERSIDADE NOVE DE JULHO","Negocios internacionais","12","3","0","0","6"
"2012","316","UNIVERSIDADE NOVE DE JULHO","Negocios internacionais","10","5","0","0","6"
"2012","316","UNIVERSIDADE NOVE DE JULHO","Empreendedorismo","0","0","201","1321","0"
"2012","316","UNIVERSIDADE NOVE DE JULHO","Empreendedorismo","154","0","0","0","212"
"2012","316","UNIVERSIDADE NOVE DE JULHO","Empreendedorismo","29","6","0","0","17"
"2012","316","UNIVERSIDADE NOVE DE JULHO","Empreendedorismo","16","11","0","0","10"
"2012","316","UNIVERSIDADE NOVE DE JULHO","Empreendedorismo","13","0","0","0","14"
"2012","316","UNIVERSIDADE NOVE DE JULHO","Empreendedorismo","2","0","0","0","2"
"2012","316","UNIVERSIDADE NOVE DE JULHO","Marketing e propaganda","0","0","216","1526","0"
"2012","316","UNIVERSIDADE NOVE DE JULHO","Marketing e propaganda","137","0","0","0","211"
"2012","316","UNIVERSIDADE NOVE DE JULHO","Marketing e propaganda","27","7","0","0","20"
"2012","316","UNIVERSIDADE NOVE DE JULHO","Marketing e propaganda","0","0","0","0","1"
"2012","316","UNIVERSIDADE NOVE DE JULHO","Marketing e propaganda","9","5","0","0","1"
"2012","316","UNIVERSIDADE NOVE DE JULHO","Marketing e propaganda","15","0","0","0","17"
"2012","316","UNIVERSIDADE NOVE DE JULHO","Marketing e propaganda","12","2","0","0","9"
"2012","316","UNIVERSIDADE NOVE DE JULHO","Administracao","0","0","413","3430","0"
"2012","316","UNIVERSIDADE NOVE DE JULHO","Administracao","361","0","0","0","601"
"2012","316","UNIVERSIDADE NOVE DE JULHO","Administracao","1","0","0","0","1"
"2012","316","UNIVERSIDADE NOVE DE JULHO","Administracao","83","25","0","0","12"
"2012","316","UNIVERSIDADE NOVE DE JULHO","Administracao","21","0","0","0","24"
"2012","316","UNIVERSIDADE NOVE DE JULHO","Administracao","139","16","0","0","73"
"2012","316","UNIVERSIDADE NOVE DE JULHO","Analise e Desenvolvimento de Sistemas (Tecnologo)","0","0","412","2164","0"
"2012","316","UNIVERSIDADE NOVE DE JULHO","Analise e Desenvolvimento de Sistemas (Tecnologo)","307","0","0","0","293"
"2012","316","UNIVERSIDADE NOVE DE JULHO","Analise e Desenvolvimento de Sistemas (Tecnologo)","58","7","0","0","32"
"2012","316","UNIVERSIDADE NOVE DE JULHO","Analise e Desenvolvimento de Sistemas (Tecnologo)","0","0","0","0","0"
"2012","316","UNIVERSIDADE NOVE DE JULHO","Analise e Desenvolvimento de Sistemas (Tecnologo)","21","6","0","0","9"
"2012","316","UNIVERSIDADE NOVE DE JULHO","Analise e Desenvolvimento de Sistemas (Tecnologo)","24","8","0","0","12"
"2012","316","UNIVERSIDADE NOVE DE JULHO","Tecnologia de radiologia","0","0","36","167","0"
"2012","316","UNIVERSIDADE NOVE DE JULHO","Tecnologia de radiologia","25","11","0","0","1"
"2012","316","UNIVERSIDADE NOVE DE JULHO","Tecnologia de radiologia","77","13","0","0","33"
"2012","316","UNIVERSIDADE NOVE DE JULHO","Gestao de pessoal / recursos humanos","0","0","440","3828","0"
"2012","316","UNIVERSIDADE NOVE DE JULHO","Gestao de pessoal / recursos humanos","322","0","0","0","454"
"2012","316","UNIVERSIDADE NOVE DE JULHO","Gestao de pessoal / recursos humanos","1","0","0","0","2"
"2012","316","UNIVERSIDADE NOVE DE JULHO","Gestao de pessoal / recursos humanos","59","28","0","0","22"
"2012","316","UNIVERSIDADE NOVE DE JULHO","Gestao de pessoal / recursos humanos","12","0","0","0","12"
"2012","316","UNIVERSIDADE NOVE DE JULHO","Gestao de pessoal / recursos humanos","62","22","0","0","46"
"2012","316","UNIVERSIDADE NOVE DE JULHO","Gestao da informacao","0","0","196","1235","0"
"2012","316","UNIVERSIDADE NOVE DE JULHO","Gestao da informacao","150","0","0","0","136"
"2012","316","UNIVERSIDADE NOVE DE JULHO","Gestao da informacao","3","0","0","0","3"
"2012","316","UNIVERSIDADE NOVE DE JULHO","Gestao da informacao","8","0","0","0","7"
"2012","316","UNIVERSIDADE NOVE DE JULHO","Gestao da informacao","5","0","0","0","4"
"2012","316","UNIVERSIDADE NOVE DE JULHO","Gestao de qualidade","0","0","261","181","0"
"2012","316","UNIVERSIDADE NOVE DE JULHO","Gestao de qualidade","39","0","0","0","0"
"2012","316","UNIVERSIDADE NOVE DE JULHO","Gestao de qualidade","83","24","0","0","46"
"2012","316","UNIVERSIDADE NOVE DE JULHO","Gestao de qualidade","0","0","0","0","1"
"2012","316","UNIVERSIDADE NOVE DE JULHO","Gestao de qualidade","23","6","0","0","8"
"2012","316","UNIVERSIDADE NOVE DE JULHO","Gestao de qualidade","10","3","0","0","8"
"2012","316","UNIVERSIDADE NOVE DE JULHO","Seguranca da informacao","0","0","77","530","0"
"2012","316","UNIVERSIDADE NOVE DE JULHO","Seguranca da informacao","67","0","0","0","67"
"2012","316","UNIVERSIDADE NOVE DE JULHO","Seguranca da informacao","10","5","0","0","7"
"2012","316","UNIVERSIDADE NOVE DE JULHO","Seguranca da informacao","3","0","0","0","1"
"2012","316","UNIVERSIDADE NOVE DE JULHO","Seguranca da informacao","1","0","0","0","0"
"2012","316","UNIVERSIDADE NOVE DE JULHO","Secretariado","0","0","86","665","0"
"2012","316","UNIVERSIDADE NOVE DE JULHO","Secretariado","70","0","0","0","57"
"2012","316","UNIVERSIDADE NOVE DE JULHO","Secretariado","8","2","0","0","3"
"2012","316","UNIVERSIDADE NOVE DE JULHO","Secretariado","3","0","0","0","1"
"2012","316","UNIVERSIDADE NOVE DE JULHO","Secretariado","4","0","0","0","5"
"2012","316","UNIVERSIDADE NOVE DE JULHO","Empreendedorismo","0","0","312","1773","0"
"2012","316","UNIVERSIDADE NOVE DE JULHO","Empreendedorismo","225","0","0","0","312"
"2012","316","UNIVERSIDADE NOVE DE JULHO","Empreendedorismo","25","4","0","0","16"
"2012","316","UNIVERSIDADE NOVE DE JULHO","Empreendedorismo","2","0","0","0","3"
"2012","316","UNIVERSIDADE NOVE DE JULHO","Empreendedorismo","11","0","0","0","11"
"2012","316","UNIVERSIDADE NOVE DE JULHO","Empreendedorismo","19","0","0","0","26"
"2012","316","UNIVERSIDADE NOVE DE JULHO","Empreendedorismo","4","0","0","0","6"
"2012","316","UNIVERSIDADE NOVE DE JULHO","Banco de dados","0","0","81","432","0"
"2012","316","UNIVERSIDADE NOVE DE JULHO","Banco de dados","69","0","0","0","73"
"2012","316","UNIVERSIDADE NOVE DE JULHO","Uso da internet","0","0","96","588","0"
"2012","316","UNIVERSIDADE NOVE DE JULHO","Uso da internet","86","0","0","0","82"
"2012","316","UNIVERSIDADE NOVE DE JULHO","Uso da internet","1","0","0","0","1"
"2012","316","UNIVERSIDADE NOVE DE JULHO","Administracao","0","0","210","441","0"
"2012","316","UNIVERSIDADE NOVE DE JULHO","Administracao","6","0","0","0","9"
"2012","316","UNIVERSIDADE NOVE DE JULHO","Pedagogia","0","0","210","753","0"
"2012","316","UNIVERSIDADE NOVE DE JULHO","Pedagogia","338","17","0","0","351"
"2012","316","UNIVERSIDADE NOVE DE JULHO","Analise e Desenvolvimento de Sistemas (Tecnologo)","0","0","140","294","0"
"2012","316","UNIVERSIDADE NOVE DE JULHO","Analise e Desenvolvimento de Sistemas (Tecnologo)","23","0","0","0","24"
"2012","316","UNIVERSIDADE NOVE DE JULHO","Banco de dados","0","0","140","49","0"
"2012","316","UNIVERSIDADE NOVE DE JULHO","Banco de dados","2","0","0","0","2"
"2012","316","UNIVERSIDADE NOVE DE JULHO","Negocios internacionais","0","0","140","75","0"
"2012","316","UNIVERSIDADE NOVE DE JULHO","Negocios internacionais","5","0","0","0","5"
"2012","316","UNIVERSIDADE NOVE DE JULHO","Empreendedorismo","0","0","140","127","0"
"2012","316","UNIVERSIDADE NOVE DE JULHO","Empreendedorismo","3","0","0","0","3"
"2012","316","UNIVERSIDADE NOVE DE JULHO","Gestao de qualidade","0","0","140","1444","0"
"2012","316","UNIVERSIDADE NOVE DE JULHO","Gestao de qualidade","177","0","0","0","202"
"2012","316","UNIVERSIDADE NOVE DE JULHO","Gestao de qualidade","1","0","0","0","1"
"2012","316","UNIVERSIDADE NOVE DE JULHO","Gestao de qualidade","3","0","0","0","3"
"2012","316","UNIVERSIDADE NOVE DE JULHO","Gestao de qualidade","11","0","0","0","12"
"2012","316","UNIVERSIDADE NOVE DE JULHO","Gestao de qualidade","1","0","0","0","1"
"2012","316","UNIVERSIDADE NOVE DE JULHO","Gestao da informacao","0","0","140","172","0"
"2012","316","UNIVERSIDADE NOVE DE JULHO","Gestao da informacao","10","0","0","0","10"
"2012","316","UNIVERSIDADE NOVE DE JULHO","Gestao de pessoal / recursos humanos","0","0","140","358","0"
"2012","316","UNIVERSIDADE NOVE DE JULHO","Gestao de pessoal / recursos humanos","6","0","0","0","6"
"2012","316","UNIVERSIDADE NOVE DE JULHO","Administracao publica","0","0","140","46","0"
"2012","316","UNIVERSIDADE NOVE DE JULHO","Administracao publica","3","0","0","0","4"
"2012","316","UNIVERSIDADE NOVE DE JULHO","Gestao logistica","0","0","140","149","0"
"2012","316","UNIVERSIDADE NOVE DE JULHO","Gestao logistica","5","0","0","0","7"
"2012","316","UNIVERSIDADE NOVE DE JULHO","Marketing e propaganda","0","0","140","267","0"
"2012","316","UNIVERSIDADE NOVE DE JULHO","Marketing e propaganda","8","0","0","0","8"
"2012","316","UNIVERSIDADE NOVE DE JULHO","Empreendedorismo","0","0","140","250","0"
"2012","316","UNIVERSIDADE NOVE DE JULHO","Empreendedorismo","6","0","0","0","7"
"2012","316","UNIVERSIDADE NOVE DE JULHO","Administracao de redes","0","0","140","157","0"
"2012","316","UNIVERSIDADE NOVE DE JULHO","Administracao de redes","10","0","0","0","10"
"2012","316","UNIVERSIDADE NOVE DE JULHO","Secretariado","0","0","140","77","0"
"2012","316","UNIVERSIDADE NOVE DE JULHO","Secretariado","4","0","0","0","4"
"2012","316","UNIVERSIDADE NOVE DE JULHO","Seguranca da informacao","0","0","140","53","0"
"2012","316","UNIVERSIDADE NOVE DE JULHO","Seguranca da informacao","2","0","0","0","2"
"2012","316","UNIVERSIDADE NOVE DE JULHO","Uso da internet","0","0","140","53","0"
"2012","316","UNIVERSIDADE NOVE DE JULHO","Uso da internet","3","0","0","0","3"
"2012","316","UNIVERSIDADE NOVE DE JULHO","Administracao publica","0","0","98","775","0"
"2012","316","UNIVERSIDADE NOVE DE JULHO","Administracao publica","65","0","0","0","69"
"2012","316","UNIVERSIDADE NOVE DE JULHO","Pedagogia","0","0","140","140","0"
"2012","316","UNIVERSIDADE NOVE DE JULHO","Pedagogia","392","74","0","0","394"
"2013","316","UNIVERSIDADE NOVE DE JULHO","Gestao financeira","0","0","140","21","0"
"2013","316","UNIVERSIDADE NOVE DE JULHO","Gestao financeira","11","4","0","0","1"
"2013","316","UNIVERSIDADE NOVE DE JULHO","Gestao financeira","2","1","0","0","0"
"2013","316","UNIVERSIDADE NOVE DE JULHO","Gestao financeira","3","1","0","0","0"
"2013","316","UNIVERSIDADE NOVE DE JULHO","Gestao logistica","0","0","148","680","0"
"2013","316","UNIVERSIDADE NOVE DE JULHO","Gestao logistica","178","15","0","0","134"
"2013","316","UNIVERSIDADE NOVE DE JULHO","Gestao logistica","159","57","0","0","58"
"2013","316","UNIVERSIDADE NOVE DE JULHO","Gestao logistica","3","0","0","0","3"
"2013","316","UNIVERSIDADE NOVE DE JULHO","Gestao logistica","41","17","0","0","23"
"2013","316","UNIVERSIDADE NOVE DE JULHO","Gestao logistica","35","0","0","0","52"
"2013","316","UNIVERSIDADE NOVE DE JULHO","Gestao logistica","38","2","0","0","26"
"2013","316","UNIVERSIDADE NOVE DE JULHO","Gestao logistica","28","0","0","0","34"
"2013","316","UNIVERSIDADE NOVE DE JULHO","Gestao logistica","18","0","0","0","21"
"2013","316","UNIVERSIDADE NOVE DE JULHO","Pedagogia","0","0","377","4457","0"
"2013","316","UNIVERSIDADE NOVE DE JULHO","Pedagogia","1568","688","0","0","511"
"2013","316","UNIVERSIDADE NOVE DE JULHO","Pedagogia","21","0","0","0","25"
"2013","316","UNIVERSIDADE NOVE DE JULHO","Pedagogia","7","0","0","0","10"
"2013","316","UNIVERSIDADE NOVE DE JULHO","Pedagogia","611","468","0","0","535"
"2013","316","UNIVERSIDADE NOVE DE JULHO","Pedagogia","355","214","0","0","389"
"2013","316","UNIVERSIDADE NOVE DE JULHO","Pedagogia","244","148","0","0","177"
"2013","316","UNIVERSIDADE NOVE DE JULHO","Pedagogia","330","250","0","0","341"
"2013","316","UNIVERSIDADE NOVE DE JULHO","Pedagogia","88","0","0","0","111"
"2013","316","UNIVERSIDADE NOVE DE JULHO","Administracao de redes","0","0","159","487","0"
"2013","316","UNIVERSIDADE NOVE DE JULHO","Administracao de redes","225","8","0","0","159"
"2013","316","UNIVERSIDADE NOVE DE JULHO","Administracao de redes","24","6","0","0","16"
"2013","316","UNIVERSIDADE NOVE DE JULHO","Administracao de redes","2","0","0","0","2"
"2013","316","UNIVERSIDADE NOVE DE JULHO","Administracao de redes","14","2","0","0","8"
"2013","316","UNIVERSIDADE NOVE DE JULHO","Administracao de redes","29","0","0","0","41"
"2013","316","UNIVERSIDADE NOVE DE JULHO","Administracao de redes","5","1","0","0","1"
"2013","316","UNIVERSIDADE NOVE DE JULHO","Administracao de redes","12","0","0","0","15"
"2013","316","UNIVERSIDADE NOVE DE JULHO","Administracao de redes","29","0","0","0","41"
"2013","316","UNIVERSIDADE NOVE DE JULHO","Negocios internacionais","0","0","118","322","0"
"2013","316","UNIVERSIDADE NOVE DE JULHO","Negocios internacionais","128","21","0","0","85"
"2013","316","UNIVERSIDADE NOVE DE JULHO","Negocios internacionais","37","6","0","0","18"
"2013","316","UNIVERSIDADE NOVE DE JULHO","Negocios internacionais","2","0","0","0","1"
"2013","316","UNIVERSIDADE NOVE DE JULHO","Negocios internacionais","12","3","0","0","7"
"2013","316","UNIVERSIDADE NOVE DE JULHO","Negocios internacionais","3","0","0","0","10"
"2013","316","UNIVERSIDADE NOVE DE JULHO","Negocios internacionais","7","0","0","0","8"
"2013","316","UNIVERSIDADE NOVE DE JULHO","Negocios internacionais","13","0","0","0","16"
"2013","316","UNIVERSIDADE NOVE DE JULHO","Negocios internacionais","11","0","0","0","15"
"2013","316","UNIVERSIDADE NOVE DE JULHO","Empreendedorismo","0","0","140","422","0"
"2013","316","UNIVERSIDADE NOVE DE JULHO","Empreendedorismo","189","38","0","0","121"
"2013","316","UNIVERSIDADE NOVE DE JULHO","Empreendedorismo","21","8","0","0","10"
"2013","316","UNIVERSIDADE NOVE DE JULHO","Empreendedorismo","2","0","0","0","2"
"2013","316","UNIVERSIDADE NOVE DE JULHO","Empreendedorismo","11","2","0","0","7"
"2013","316","UNIVERSIDADE NOVE DE JULHO","Empreendedorismo","21","0","0","0","33"
"2013","316","UNIVERSIDADE NOVE DE JULHO","Empreendedorismo","1","0","0","0","1"
"2013","316","UNIVERSIDADE NOVE DE JULHO","Empreendedorismo","25","0","0","0","28"
"2013","316","UNIVERSIDADE NOVE DE JULHO","Empreendedorismo","18","0","0","0","21"
"2013","316","UNIVERSIDADE NOVE DE JULHO","Marketing e propaganda","0","0","140","506","0"
"2013","316","UNIVERSIDADE NOVE DE JULHO","Marketing e propaganda","191","32","0","0","128"
"2013","316","UNIVERSIDADE NOVE DE JULHO","Marketing e propaganda","22","4","0","0","14"
"2013","316","UNIVERSIDADE NOVE DE JULHO","Marketing e propaganda","1","0","0","0","0"
"2013","316","UNIVERSIDADE NOVE DE JULHO","Marketing e propaganda","9","0","0","0","12"
"2013","316","UNIVERSIDADE NOVE DE JULHO","Marketing e propaganda","19","0","0","0","28"
"2013","316","UNIVERSIDADE NOVE DE JULHO","Marketing e propaganda","14","1","0","0","9"
"2013","316","UNIVERSIDADE NOVE DE JULHO","Marketing e propaganda","13","0","0","0","16"
"2013","316","UNIVERSIDADE NOVE DE JULHO","Marketing e propaganda","10","0","0","0","19"
"2013","316","UNIVERSIDADE NOVE DE JULHO","Administracao","0","0","189","1172","0"
"2013","316","UNIVERSIDADE NOVE DE JULHO","Administracao","521","20","0","0","410"
"2013","316","UNIVERSIDADE NOVE DE JULHO","Administracao","9","0","0","0","16"
"2013","316","UNIVERSIDADE NOVE DE JULHO","Administracao","3","0","0","0","5"
"2013","316","UNIVERSIDADE NOVE DE JULHO","Administracao","66","23","0","0","15"
"2013","316","UNIVERSIDADE NOVE DE JULHO","Administracao","54","0","0","0","72"
"2013","316","UNIVERSIDADE NOVE DE JULHO","Administracao","153","30","0","0","57"
"2013","316","UNIVERSIDADE NOVE DE JULHO","Administracao","19","0","0","0","31"
"2013","316","UNIVERSIDADE NOVE DE JULHO","Administracao","25","0","0","0","35"
"2013","316","UNIVERSIDADE NOVE DE JULHO","Analise e Desenvolvimento de Sistemas (Tecnologo)","0","0","173","723","0"
"2013","316","UNIVERSIDADE NOVE DE JULHO","Analise e Desenvolvimento de Sistemas (Tecnologo)","351","18","0","0","210"
"2013","316","UNIVERSIDADE NOVE DE JULHO","Analise e Desenvolvimento de Sistemas (Tecnologo)","55","8","0","0","23"
"2013","316","UNIVERSIDADE NOVE DE JULHO","Analise e Desenvolvimento de Sistemas (Tecnologo)","4","0","0","0","4"
"2013","316","UNIVERSIDADE NOVE DE JULHO","Analise e Desenvolvimento de Sistemas (Tecnologo)","22","9","0","0","12"
"2013","316","UNIVERSIDADE NOVE DE JULHO","Analise e Desenvolvimento de Sistemas (Tecnologo)","43","0","0","0","54"
"2013","316","UNIVERSIDADE NOVE DE JULHO","Analise e Desenvolvimento de Sistemas (Tecnologo)","19","3","0","0","5"
"2013","316","UNIVERSIDADE NOVE DE JULHO","Analise e Desenvolvimento de Sistemas (Tecnologo)","20","0","0","0","27"
"2013","316","UNIVERSIDADE NOVE DE JULHO","Analise e Desenvolvimento de Sistemas (Tecnologo)","42","0","0","0","52"
"2013","316","UNIVERSIDADE NOVE DE JULHO","Tecnologia de radiologia","0","0","280","103","0"
"2013","316","UNIVERSIDADE NOVE DE JULHO","Tecnologia de radiologia","8","4","0","0","0"
"2013","316","UNIVERSIDADE NOVE DE JULHO","Tecnologia de radiologia","73","21","0","0","24"
"2013","316","UNIVERSIDADE NOVE DE JULHO","Gestao de pessoal / recursos humanos","0","0","314","1608","0"
"2013","316","UNIVERSIDADE NOVE DE JULHO","Gestao de pessoal / recursos humanos","479","73","0","0","310"
"2013","316","UNIVERSIDADE NOVE DE JULHO","Gestao de pessoal / recursos humanos","7","0","0","0","9"
"2013","316","UNIVERSIDADE NOVE DE JULHO","Gestao de pessoal / recursos humanos","4","0","0","0","4"
"2013","316","UNIVERSIDADE NOVE DE JULHO","Gestao de pessoal / recursos humanos","32","10","0","0","24"
"2013","316","UNIVERSIDADE NOVE DE JULHO","Gestao de pessoal / recursos humanos","68","0","0","0","94"
"2013","316","UNIVERSIDADE NOVE DE JULHO","Gestao de pessoal / recursos humanos","64","12","0","0","40"
"2013","316","UNIVERSIDADE NOVE DE JULHO","Gestao de pessoal / recursos humanos","31","0","0","0","36"
"2013","316","UNIVERSIDADE NOVE DE JULHO","Gestao de pessoal / recursos humanos","51","0","0","0","64"
"2013","316","UNIVERSIDADE NOVE DE JULHO","Gestao da informacao","0","0","210","473","0"
"2013","316","UNIVERSIDADE NOVE DE JULHO","Gestao da informacao","195","10","0","0","112"
"2013","316","UNIVERSIDADE NOVE DE JULHO","Gestao da informacao","4","0","0","0","7"
"2013","316","UNIVERSIDADE NOVE DE JULHO","Gestao da informacao","3","0","0","0","4"
"2013","316","UNIVERSIDADE NOVE DE JULHO","Gestao da informacao","10","0","0","0","4"
"2013","316","UNIVERSIDADE NOVE DE JULHO","Gestao da informacao","26","0","0","0","35"
"2013","316","UNIVERSIDADE NOVE DE JULHO","Gestao da informacao","7","1","0","0","5"
"2013","316","UNIVERSIDADE NOVE DE JULHO","Gestao da informacao","13","0","0","0","22"
"2013","316","UNIVERSIDADE NOVE DE JULHO","Gestao da informacao","18","0","0","0","27"
"2013","316","UNIVERSIDADE NOVE DE JULHO","Gestao de qualidade","0","0","174","776","0"
"2013","316","UNIVERSIDADE NOVE DE JULHO","Gestao de qualidade","130","35","0","0","146"
"2013","316","UNIVERSIDADE NOVE DE JULHO","Gestao de qualidade","97","26","0","0","60"
"2013","316","UNIVERSIDADE NOVE DE JULHO","Gestao de qualidade","2","0","0","0","3"
"2013","316","UNIVERSIDADE NOVE DE JULHO","Gestao de qualidade","25","11","0","0","12"
"2013","316","UNIVERSIDADE NOVE DE JULHO","Gestao de qualidade","28","0","0","0","36"
"2013","316","UNIVERSIDADE NOVE DE JULHO","Gestao de qualidade","17","0","0","0","15"
"2013","316","UNIVERSIDADE NOVE DE JULHO","Gestao de qualidade","23","0","0","0","31"
"2013","316","UNIVERSIDADE NOVE DE JULHO","Gestao de qualidade","40","0","0","0","47"
"2013","316","UNIVERSIDADE NOVE DE JULHO","Seguranca da informacao","0","0","280","193","0"
"2013","316","UNIVERSIDADE NOVE DE JULHO","Seguranca da informacao","86","6","0","0","41"
"2013","316","UNIVERSIDADE NOVE DE JULHO","Seguranca da informacao","8","0","0","0","6"
"2013","316","UNIVERSIDADE NOVE DE JULHO","Seguranca da informacao","7","2","0","0","5"
"2013","316","UNIVERSIDADE NOVE DE JULHO","Seguranca da informacao","10","0","0","0","16"
"2013","316","UNIVERSIDADE NOVE DE JULHO","Seguranca da informacao","1","0","0","0","0"
"2013","316","UNIVERSIDADE NOVE DE JULHO","Seguranca da informacao","3","0","0","0","5"
"2013","316","UNIVERSIDADE NOVE DE JULHO","Seguranca da informacao","17","0","0","0","22"
"2013","316","UNIVERSIDADE NOVE DE JULHO","Secretariado","0","0","350","215","0"
"2013","316","UNIVERSIDADE NOVE DE JULHO","Secretariado","94","23","0","0","51"
"2013","316","UNIVERSIDADE NOVE DE JULHO","Secretariado","8","0","0","0","4"
"2013","316","UNIVERSIDADE NOVE DE JULHO","Secretariado","4","0","0","0","3"
"2013","316","UNIVERSIDADE NOVE DE JULHO","Secretariado","14","0","0","0","21"
"2013","316","UNIVERSIDADE NOVE DE JULHO","Secretariado","4","2","0","0","1"
"2013","316","UNIVERSIDADE NOVE DE JULHO","Secretariado","5","0","0","0","6"
"2013","316","UNIVERSIDADE NOVE DE JULHO","Secretariado","18","0","0","0","18"
"2013","316","UNIVERSIDADE NOVE DE JULHO","Empreendedorismo","0","0","350","652","0"
"2013","316","UNIVERSIDADE NOVE DE JULHO","Empreendedorismo","322","43","0","0","218"
"2013","316","UNIVERSIDADE NOVE DE JULHO","Empreendedorismo","30","13","0","0","14"
"2013","316","UNIVERSIDADE NOVE DE JULHO","Empreendedorismo","0","0","0","0","0"
"2013","316","UNIVERSIDADE NOVE DE JULHO","Empreendedorismo","18","8","0","0","20"
"2013","316","UNIVERSIDADE NOVE DE JULHO","Empreendedorismo","41","0","0","0","51"
"2013","316","UNIVERSIDADE NOVE DE JULHO","Empreendedorismo","13","1","0","0","8"
"2013","316","UNIVERSIDADE NOVE DE JULHO","Empreendedorismo","15","0","0","0","20"
"2013","316","UNIVERSIDADE NOVE DE JULHO","Empreendedorismo","36","0","0","0","47"
"2013","316","UNIVERSIDADE NOVE DE JULHO","Banco de dados","0","0","350","192","0"
"2013","316","UNIVERSIDADE NOVE DE JULHO","Banco de dados","95","4","0","0","56"
"2013","316","UNIVERSIDADE NOVE DE JULHO","Banco de dados","6","0","0","0","7"
"2013","316","UNIVERSIDADE NOVE DE JULHO","Banco de dados","2","0","0","0","4"
"2013","316","UNIVERSIDADE NOVE DE JULHO","Banco de dados","14","0","0","0","21"
"2013","316","UNIVERSIDADE NOVE DE JULHO","Banco de dados","1","0","0","0","2"
"2013","316","UNIVERSIDADE NOVE DE JULHO","Banco de dados","5","0","0","0","5"
"2013","316","UNIVERSIDADE NOVE DE JULHO","Banco de dados","7","0","0","0","14"
"2013","316","UNIVERSIDADE NOVE DE JULHO","Uso da internet","0","0","350","176","0"
"2013","316","UNIVERSIDADE NOVE DE JULHO","Uso da internet","104","7","0","0","58"
"2013","316","UNIVERSIDADE NOVE DE JULHO","Uso da internet","0","0","0","0","4"
"2013","316","UNIVERSIDADE NOVE DE JULHO","Uso da internet","4","0","0","0","4"
"2013","316","UNIVERSIDADE NOVE DE JULHO","Uso da internet","12","0","0","0","14"
"2013","316","UNIVERSIDADE NOVE DE JULHO","Uso da internet","2","0","0","0","5"
"2013","316","UNIVERSIDADE NOVE DE JULHO","Uso da internet","14","0","0","0","20"
"2013","316","UNIVERSIDADE NOVE DE JULHO","Administracao","0","0","210","404","0"
"2013","316","UNIVERSIDADE NOVE DE JULHO","Administracao","21","0","0","0","28"
"2013","316","UNIVERSIDADE NOVE DE JULHO","Pedagogia","0","0","210","1307","0"
"2013","316","UNIVERSIDADE NOVE DE JULHO","Pedagogia","67","0","0","0","41"
"2013","316","UNIVERSIDADE NOVE DE JULHO","Analise e Desenvolvimento de Sistemas (Tecnologo)","0","0","140","222","0"
"2013","316","UNIVERSIDADE NOVE DE JULHO","Analise e Desenvolvimento de Sistemas (Tecnologo)","13","0","0","0","7"
"2013","316","UNIVERSIDADE NOVE DE JULHO","Banco de dados","0","0","140","70","0"
"2013","316","UNIVERSIDADE NOVE DE JULHO","Banco de dados","0","0","0","0","0"
"2013","316","UNIVERSIDADE NOVE DE JULHO","Negocios internacionais","0","0","140","71","0"
"2013","316","UNIVERSIDADE NOVE DE JULHO","Negocios internacionais","8","0","0","0","7"
"2013","316","UNIVERSIDADE NOVE DE JULHO","Empreendedorismo","0","0","140","146","0"
"2013","316","UNIVERSIDADE NOVE DE JULHO","Empreendedorismo","11","0","0","0","10"
"2013","316","UNIVERSIDADE NOVE DE JULHO","Gestao de qualidade","0","0","140","148","0"
"2013","316","UNIVERSIDADE NOVE DE JULHO","Gestao de qualidade","109","0","0","0","35"
"2013","316","UNIVERSIDADE NOVE DE JULHO","Gestao de qualidade","2","0","0","0","2"
"2013","316","UNIVERSIDADE NOVE DE JULHO","Gestao de qualidade","5","0","0","0","2"
"2013","316","UNIVERSIDADE NOVE DE JULHO","Gestao de qualidade","11","0","0","0","5"
"2013","316","UNIVERSIDADE NOVE DE JULHO","Gestao de qualidade","1","0","0","0","0"
"2013","316","UNIVERSIDADE NOVE DE JULHO","Gestao da informacao","0","0","140","158","0"
"2013","316","UNIVERSIDADE NOVE DE JULHO","Gestao da informacao","9","0","0","0","3"
"2013","316","UNIVERSIDADE NOVE DE JULHO","Gestao de pessoal / recursos humanos","0","0","140","558","0"
"2013","316","UNIVERSIDADE NOVE DE JULHO","Gestao de pessoal / recursos humanos","17","0","0","0","20"
"2013","316","UNIVERSIDADE NOVE DE JULHO","Administracao publica","0","0","140","140","0"
"2013","316","UNIVERSIDADE NOVE DE JULHO","Administracao publica","0","0","0","0","0"
"2013","316","UNIVERSIDADE NOVE DE JULHO","Gestao logistica","0","0","140","200","0"
"2013","316","UNIVERSIDADE NOVE DE JULHO","Gestao logistica","0","0","0","0","1"
"2013","316","UNIVERSIDADE NOVE DE JULHO","Marketing e propaganda","0","0","140","172","0"
"2013","316","UNIVERSIDADE NOVE DE JULHO","Marketing e propaganda","13","0","0","0","13"
"2013","316","UNIVERSIDADE NOVE DE JULHO","Empreendedorismo","0","0","140","216","0"
"2013","316","UNIVERSIDADE NOVE DE JULHO","Empreendedorismo","10","0","0","0","10"
"2013","316","UNIVERSIDADE NOVE DE JULHO","Administracao de redes","0","0","140","165","0"
"2013","316","UNIVERSIDADE NOVE DE JULHO","Administracao de redes","9","0","0","0","5"
"2013","316","UNIVERSIDADE NOVE DE JULHO","Secretariado","0","0","140","121","0"
"2013","316","UNIVERSIDADE NOVE DE JULHO","Secretariado","0","0","0","0","1"
"2013","316","UNIVERSIDADE NOVE DE JULHO","Seguranca da informacao","0","0","140","70","0"
"2013","316","UNIVERSIDADE NOVE DE JULHO","Seguranca da informacao","0","0","0","0","0"
"2013","316","UNIVERSIDADE NOVE DE JULHO","Uso da internet","0","0","140","90","0"
"2013","316","UNIVERSIDADE NOVE DE JULHO","Uso da internet","0","0","0","0","0"
"2013","316","UNIVERSIDADE NOVE DE JULHO","Administracao publica","0","0","132","802","0"
"2013","316","UNIVERSIDADE NOVE DE JULHO","Administracao publica","123","17","0","0","87"
"2013","316","UNIVERSIDADE NOVE DE JULHO","Administracao publica","4","0","0","0","5"
"2013","316","UNIVERSIDADE NOVE DE JULHO","Administracao publica","7","0","0","0","10"
"2013","316","UNIVERSIDADE NOVE DE JULHO","Administracao publica","20","0","0","0","30"
"2013","316","UNIVERSIDADE NOVE DE JULHO","Administracao publica","0","0","0","0","3"
"2013","316","UNIVERSIDADE NOVE DE JULHO","Administracao publica","12","0","0","0","16"
"2013","316","UNIVERSIDADE NOVE DE JULHO","Administracao publica","26","0","0","0","29"
"2013","316","UNIVERSIDADE NOVE DE JULHO","Gestao financeira","0","0","154","1121","0"
"2013","316","UNIVERSIDADE NOVE DE JULHO","Gestao financeira","88","0","0","0","116"
"2013","316","UNIVERSIDADE NOVE DE JULHO","Gestao financeira","25","0","0","0","30"
"2013","316","UNIVERSIDADE NOVE DE JULHO","Gestao financeira","1","0","0","0","1"
"2013","316","UNIVERSIDADE NOVE DE JULHO","Gestao financeira","44","0","0","0","61"
"2013","316","UNIVERSIDADE NOVE DE JULHO","Gestao financeira","3","0","0","0","3"
"2013","316","UNIVERSIDADE NOVE DE JULHO","Gestao financeira","16","0","0","0","24"
"2013","316","UNIVERSIDADE NOVE DE JULHO","Gestao financeira","22","0","0","0","32"
"2013","316","UNIVERSIDADE NOVE DE JULHO","Ciencias contabeis","0","0","149","1245","0"
"2013","316","UNIVERSIDADE NOVE DE JULHO","Ciencias contabeis","106","0","0","0","135"
"2013","316","UNIVERSIDADE NOVE DE JULHO","Ciencias contabeis","2","0","0","0","2"
"2013","316","UNIVERSIDADE NOVE DE JULHO","Ciencias contabeis","1","0","0","0","1"
"2013","316","UNIVERSIDADE NOVE DE JULHO","Ciencias contabeis","41","0","0","0","52"
"2013","316","UNIVERSIDADE NOVE DE JULHO","Ciencias contabeis","3","0","0","0","6"
"2013","316","UNIVERSIDADE NOVE DE JULHO","Ciencias contabeis","17","0","0","0","22"
"2013","316","UNIVERSIDADE NOVE DE JULHO","Ciencias contabeis","29","0","0","0","39"
"2013","316","UNIVERSIDADE NOVE DE JULHO","Engenharia de producao","0","0","320","2502","0"
"2013","316","UNIVERSIDADE NOVE DE JULHO","Engenharia de producao","183","0","0","0","247"
"2013","316","UNIVERSIDADE NOVE DE JULHO","Engenharia de producao","14","0","0","0","16"
"2013","316","UNIVERSIDADE NOVE DE JULHO","Engenharia de producao","2","0","0","0","2"
"2013","316","UNIVERSIDADE NOVE DE JULHO","Engenharia de producao","27","0","0","0","31"
"2013","316","UNIVERSIDADE NOVE DE JULHO","Engenharia de producao","38","0","0","0","62"
"2013","316","UNIVERSIDADE NOVE DE JULHO","Engenharia de producao","8","0","0","0","8"
"2013","316","UNIVERSIDADE NOVE DE JULHO","Engenharia de producao","73","0","0","0","103"
"2013","316","UNIVERSIDADE NOVE DE JULHO","Engenharia de producao","75","0","0","0","113"
"2013","316","UNIVERSIDADE NOVE DE JULHO","Gestao logistica","0","0","140","236","0"
"2013","316","UNIVERSIDADE NOVE DE JULHO","Gestao logistica","7","0","0","0","9"
"2013","316","UNIVERSIDADE NOVE DE JULHO","Gestao logistica","10","0","0","0","11"
"2013","316","UNIVERSIDADE NOVE DE JULHO","Administracao","0","0","140","481","0"
"2013","316","UNIVERSIDADE NOVE DE JULHO","Administracao","6","0","0","0","9"
"2013","316","UNIVERSIDADE NOVE DE JULHO","Administracao","4","0","0","0","6"
"2013","316","UNIVERSIDADE NOVE DE JULHO","Formacao de professor de lingua/literatura estrangeira moderna","0","0","196","938","0"
"2013","316","UNIVERSIDADE NOVE DE JULHO","Formacao de professor de lingua/literatura estrangeira moderna","50","0","","","76"
"2013","316","UNIVERSIDADE NOVE DE JULHO","Formacao de professor de lingua/literatura estrangeira moderna","4","0","","","4"
"2013","316","UNIVERSIDADE NOVE DE JULHO","Formacao de professor de lingua/literatura estrangeira moderna","2","0","","","2"
"2013","316","UNIVERSIDADE NOVE DE JULHO","Formacao de professor de lingua/literatura estrangeira moderna","36","0","","","50"
"2013","316","UNIVERSIDADE NOVE DE JULHO","Formacao de professor de lingua/literatura estrangeira moderna","1","0","","","1"
"2013","316","UNIVERSIDADE NOVE DE JULHO","Formacao de professor de lingua/literatura estrangeira moderna","15","0","","","20"
"2013","316","UNIVERSIDADE NOVE DE JULHO","Formacao de professor de lingua/literatura estrangeira moderna","17","0","","","27"
"2013","316","UNIVERSIDADE NOVE DE JULHO","Pedagogia","0","0","140","1414","0"
"2013","316","UNIVERSIDADE NOVE DE JULHO","Pedagogia","18","0","0","0","24"
"2013","316","UNIVERSIDADE NOVE DE JULHO","Pedagogia","17","0","0","0","23"
"2013","316","UNIVERSIDADE NOVE DE JULHO","Analise e Desenvolvimento de Sistemas (Tecnologo)","0","0","140","290","0"
"2013","316","UNIVERSIDADE NOVE DE JULHO","Analise e Desenvolvimento de Sistemas (Tecnologo)","3","0","0","0","5"
"2013","316","UNIVERSIDADE NOVE DE JULHO","Analise e Desenvolvimento de Sistemas (Tecnologo)","8","0","0","0","10"
"2013","316","UNIVERSIDADE NOVE DE JULHO","Gestao de pessoal / recursos humanos","0","0","140","605","0"
"2013","316","UNIVERSIDADE NOVE DE JULHO","Gestao de pessoal / recursos humanos","6","0","0","0","10"
"2013","316","UNIVERSIDADE NOVE DE JULHO","Gestao de pessoal / recursos humanos","8","0","0","0","10"
"2013","316","UNIVERSIDADE NOVE DE JULHO","Marketing e propaganda","0","0","140","223","0"
"2013","316","UNIVERSIDADE NOVE DE JULHO","Marketing e propaganda","5","0","0","0","7"
"2013","316","UNIVERSIDADE NOVE DE JULHO","Marketing e propaganda","9","0","0","0","15"
"2013","316","UNIVERSIDADE NOVE DE JULHO","Empreendedorismo","0","0","140","335","0"
"2013","316","UNIVERSIDADE NOVE DE JULHO","Empreendedorismo","7","0","0","0","10"
"2013","316","UNIVERSIDADE NOVE DE JULHO","Empreendedorismo","7","0","0","0","9"
"2013","316","UNIVERSIDADE NOVE DE JULHO","Administracao de redes","0","0","140","228","0"
"2013","316","UNIVERSIDADE NOVE DE JULHO","Administracao de redes","7","0","0","0","8"
"2013","316","UNIVERSIDADE NOVE DE JULHO","Administracao de redes","9","0","0","0","10"
"2013","316","UNIVERSIDADE NOVE DE JULHO","Secretariado","0","0","140","141","0"
"2013","316","UNIVERSIDADE NOVE DE JULHO","Secretariado","0","0","0","0","2"
"2013","316","UNIVERSIDADE NOVE DE JULHO","Ciencia da computacao","0","0","210","152","0"
"2013","316","UNIVERSIDADE NOVE DE JULHO","Ciencia da computacao","9","0","0","0","11"
"2013","316","UNIVERSIDADE NOVE DE JULHO","Ciencia da computacao","3","0","0","0","3"
"2013","316","UNIVERSIDADE NOVE DE JULHO","Ciencia da computacao","2","0","0","0","2"
"2013","316","UNIVERSIDADE NOVE DE JULHO","Tradutor e interprete","0","0","210","243","0"
"2013","316","UNIVERSIDADE NOVE DE JULHO","Tradutor e interprete","22","0","","","25"
"2013","316","UNIVERSIDADE NOVE DE JULHO","Tradutor e interprete","10","0","","","13"
"2013","316","UNIVERSIDADE NOVE DE JULHO","Tradutor e interprete","3","0","","","6"
"2013","316","UNIVERSIDADE NOVE DE JULHO","Tradutor e interprete","16","0","","","18"
"2012","316","UNIVERSIDADE NOVE DE JULHO","Ciencia da computacao","494","68","142","632","165"
"2013","316","UNIVERSIDADE NOVE DE JULHO","Ciencia da computacao","454","92","282","592","171"
"2012","316","UNIVERSIDADE NOVE DE JULHO","Ciencias contabeis","994","120","388","1547","500"
"2013","316","UNIVERSIDADE NOVE DE JULHO","Ciencias contabeis","1024","102","352","1234","379"
"2012","316","UNIVERSIDADE NOVE DE JULHO","Engenharia civil","1090","0","769","3494","705"
"2013","316","UNIVERSIDADE NOVE DE JULHO","Engenharia civil","1465","0","560","3142","876"
"2012","316","UNIVERSIDADE NOVE DE JULHO","Engenharia de producao","911","72","191","732","237"
"2013","316","UNIVERSIDADE NOVE DE JULHO","Engenharia de producao","916","104","520","637","255"
"2012","316","UNIVERSIDADE NOVE DE JULHO","Enfermagem","1425","219","424","2111","494"
"2013","316","UNIVERSIDADE NOVE DE JULHO","Enfermagem","1385","237","594","2002","463"
"2012","316","UNIVERSIDADE NOVE DE JULHO","Fisioterapia","444","32","233","1082","202"
"2013","316","UNIVERSIDADE NOVE DE JULHO","Fisioterapia","553","37","350","1188","316"
"2012","316","UNIVERSIDADE NOVE DE JULHO","Direito","1478","184","639","3424","812"
"2013","316","UNIVERSIDADE NOVE DE JULHO","Direito","1598","139","420","3194","679"
"2012","316","UNIVERSIDADE NOVE DE JULHO","Farmacia","1056","78","298","1139","357"
"2013","316","UNIVERSIDADE NOVE DE JULHO","Farmacia","1132","157","420","1015","358"
"2012","316","UNIVERSIDADE NOVE DE JULHO","Comunicacao social (redacao e conteudo)","109","9","84","518","102"
"2013","316","UNIVERSIDADE NOVE DE JULHO","Jornalismo","104","12","160","549","91"
"2012","316","UNIVERSIDADE NOVE DE JULHO","Comunicacao social (redacao e conteudo)","653","83","245","1188","334"
"2013","316","UNIVERSIDADE NOVE DE JULHO","Publicidade e propaganda","612","53","630","1000","273"
"2012","316","UNIVERSIDADE NOVE DE JULHO","Administracao","3165","600","806","3662","1358"
"2013","316","UNIVERSIDADE NOVE DE JULHO","Administracao","3079","361","1814","2955","991"
"2012","316","UNIVERSIDADE NOVE DE JULHO","Administracao","7","6","650","0","1"
"2013","316","UNIVERSIDADE NOVE DE JULHO","Administracao","0","0","650","0","0"
"2012","316","UNIVERSIDADE NOVE DE JULHO","Administracao","9","8","560","0","2"
"2013","316","UNIVERSIDADE NOVE DE JULHO","Administracao","0","0","560","0","0"
"2012","316","UNIVERSIDADE NOVE DE JULHO","Administracao","5175","972","1490","6639","2442"
"2013","316","UNIVERSIDADE NOVE DE JULHO","Administracao","5110","591","1680","5451","1924"
"2012","316","UNIVERSIDADE NOVE DE JULHO","Administracao","22","22","478","0","2"
"2012","316","UNIVERSIDADE NOVE DE JULHO","Turismo","672","102","291","1560","389"
"2013","316","UNIVERSIDADE NOVE DE JULHO","Turismo","696","64","350","1354","305"
"2012","316","UNIVERSIDADE NOVE DE JULHO","Administracao","15","15","583","0","0"
"2012","316","UNIVERSIDADE NOVE DE JULHO","Arquitetura e urbanismo","2325","121","966","4614","954"
"2013","316","UNIVERSIDADE NOVE DE JULHO","Arquitetura e urbanismo","2927","177","450","5279","1148"
"2012","316","UNIVERSIDADE NOVE DE JULHO","Nutricao","926","147","242","1192","293"
"2013","316","UNIVERSIDADE NOVE DE JULHO","Nutricao","872","154","490","1311","323"
"2012","316","UNIVERSIDADE NOVE DE JULHO","Formacao de professor de matematica","448","38","247","1188","228"
"2013","316","UNIVERSIDADE NOVE DE JULHO","Formacao de professor de matematica","551","112","342","1088","293"
"2012","316","UNIVERSIDADE NOVE DE JULHO","Ciencias contabeis","1874","329","606","2641","879"
"2013","316","UNIVERSIDADE NOVE DE JULHO","Ciencias contabeis","1981","197","630","2168","788"
"2012","316","UNIVERSIDADE NOVE DE JULHO","Fisioterapia","826","105","320","1587","343"
"2013","316","UNIVERSIDADE NOVE DE JULHO","Fisioterapia","944","89","560","1661","451"
"2012","316","UNIVERSIDADE NOVE DE JULHO","Ciencia da computacao","1217","194","359","1473","438"
"2013","316","UNIVERSIDADE NOVE DE JULHO","Ciencia da computacao","1154","206","560","1077","402"
"2012","316","UNIVERSIDADE NOVE DE JULHO","Farmacia","1617","176","386","1561","436"
"2013","316","UNIVERSIDADE NOVE DE JULHO","Farmacia","1515","260","700","1300","382"
"2012","316","UNIVERSIDADE NOVE DE JULHO","Economia","383","66","132","931","211"
"2013","316","UNIVERSIDADE NOVE DE JULHO","Economia","405","28","420","616","166"
"2012","316","UNIVERSIDADE NOVE DE JULHO","Formacao de professor de sociologia","709","109","269","1365","272"
"2013","316","UNIVERSIDADE NOVE DE JULHO","Formacao de professor de sociologia","807","238","350","1350","338"
"2012","316","UNIVERSIDADE NOVE DE JULHO","Comunicacao social (redacao e conteudo)","670","107","209","1004","342"
"2013","316","UNIVERSIDADE NOVE DE JULHO","Jornalismo","722","96","350","1072","333"
"2012","316","UNIVERSIDADE NOVE DE JULHO","Engenharia civil","4754","280","1421","5945","1586"
"2013","316","UNIVERSIDADE NOVE DE JULHO","Engenharia civil","5694","442","763","5414","2113"
"2012","316","UNIVERSIDADE NOVE DE JULHO","Comunicacao social (redacao e conteudo)","1340","186","543","2295","709"
"2013","316","UNIVERSIDADE NOVE DE JULHO","Publicidade e propaganda","1428","140","770","1951","595"
"2012","316","UNIVERSIDADE NOVE DE JULHO","Enfermagem","2326","330","703","3451","759"
"2013","316","UNIVERSIDADE NOVE DE JULHO","Enfermagem","2313","438","1120","2984","773"
"2012","316","UNIVERSIDADE NOVE DE JULHO","Direito","2245","248","906","4902","1207"
"2013","316","UNIVERSIDADE NOVE DE JULHO","Direito","2635","174","820","4978","1221"
"2012","316","UNIVERSIDADE NOVE DE JULHO","Hotelaria (Tecnologo)","280","54","142","702","125"
"2013","316","UNIVERSIDADE NOVE DE JULHO","Hotelaria (Tecnologo)","259","90","232","554","85"
"2012","316","UNIVERSIDADE NOVE DE JULHO","Negocios internacionais","221","31","129","695","137"
"2013","316","UNIVERSIDADE NOVE DE JULHO","Negocios internacionais","285","42","220","570","163"
"2012","316","UNIVERSIDADE NOVE DE JULHO","Negocios internacionais","441","136","234","1121","252"
"2013","316","UNIVERSIDADE NOVE DE JULHO","Negocios internacionais","466","78","301","700","251"
"2012","316","UNIVERSIDADE NOVE DE JULHO","Marketing e propaganda","515","114","264","1174","354"
"2013","316","UNIVERSIDADE NOVE DE JULHO","Marketing e propaganda","530","99","368","828","309"
"2012","316","UNIVERSIDADE NOVE DE JULHO","Marketing e propaganda","789","253","402","1812","532"
"2013","316","UNIVERSIDADE NOVE DE JULHO","Marketing e propaganda","699","168","630","1190","399"
"2012","316","UNIVERSIDADE NOVE DE JULHO","Tecnologia mecatr�nica","238","22","106","400","117"
"2013","316","UNIVERSIDADE NOVE DE JULHO","Tecnologia mecatr�nica","209","35","280","279","60"
"2012","316","UNIVERSIDADE NOVE DE JULHO","Publicidade e propaganda","113","32","38","441","37"
"2013","316","UNIVERSIDADE NOVE DE JULHO","Publicidade e propaganda","112","27","420","448","48"
"2012","316","UNIVERSIDADE NOVE DE JULHO","Administracao","9","8","280","0","2"
"2013","316","UNIVERSIDADE NOVE DE JULHO","Administracao","0","0","280","0","0"
"2012","316","UNIVERSIDADE NOVE DE JULHO","Administracao","2152","440","583","2790","992"
"2013","316","UNIVERSIDADE NOVE DE JULHO","Administracao","2071","320","980","2363","759"
"2012","316","UNIVERSIDADE NOVE DE JULHO","Administracao","0","0","140","0","0"
"2012","316","UNIVERSIDADE NOVE DE JULHO","Ciencias contabeis","744","74","279","1163","401"
"2013","316","UNIVERSIDADE NOVE DE JULHO","Ciencias contabeis","798","85","350","1055","339"
"2012","316","UNIVERSIDADE NOVE DE JULHO","Direito","1640","173","600","3531","858"
"2013","316","UNIVERSIDADE NOVE DE JULHO","Direito","1988","162","770","3058","912"
"2012","316","UNIVERSIDADE NOVE DE JULHO","Gestao financeira","355","170","88","788","171"
"2013","316","UNIVERSIDADE NOVE DE JULHO","Gestao financeira","237","46","420","425","129"
"2012","316","UNIVERSIDADE NOVE DE JULHO","Marketing e propaganda","356","128","144","846","211"
"2013","316","UNIVERSIDADE NOVE DE JULHO","Marketing e propaganda","325","76","316","593","230"
"2012","316","UNIVERSIDADE NOVE DE JULHO","Negocios internacionais","205","61","88","553","98"
"2013","316","UNIVERSIDADE NOVE DE JULHO","Negocios internacionais","196","48","222","352","97"
"2012","316","UNIVERSIDADE NOVE DE JULHO","Enfermagem","2282","372","596","2670","793"
"2013","316","UNIVERSIDADE NOVE DE JULHO","Enfermagem","2282","422","910","1935","772"
"2012","316","UNIVERSIDADE NOVE DE JULHO","Farmacia","1301","172","302","1119","384"
"2013","316","UNIVERSIDADE NOVE DE JULHO","Farmacia","1239","202","490","934","318"
"2012","316","UNIVERSIDADE NOVE DE JULHO","Fisioterapia","403","38","188","930","171"
"2013","316","UNIVERSIDADE NOVE DE JULHO","Fisioterapia","319","47","490","947","214"
"2012","316","UNIVERSIDADE NOVE DE JULHO","Nutricao","522","56","227","1301","230"
"2013","316","UNIVERSIDADE NOVE DE JULHO","Nutricao","577","44","248","1375","307"
"2012","316","UNIVERSIDADE NOVE DE JULHO","Ciencia da computacao","536","60","155","813","202"
"2013","316","UNIVERSIDADE NOVE DE JULHO","Ciencia da computacao","552","112","350","700","224"
"2012","316","UNIVERSIDADE NOVE DE JULHO","Comunicacao social (redacao e conteudo)","266","40","81","555","123"
"2013","316","UNIVERSIDADE NOVE DE JULHO","Jornalismo","180","19","224","666","128"
"2012","316","UNIVERSIDADE NOVE DE JULHO","Comunicacao social (redacao e conteudo)","492","44","173","1019","252"
"2013","316","UNIVERSIDADE NOVE DE JULHO","Publicidade e propaganda","553","60","280","936","265"
"2012","316","UNIVERSIDADE NOVE DE JULHO","Formacao de professor de educacao fisica","1368","183","518","2230","616"
"2013","316","UNIVERSIDADE NOVE DE JULHO","Formacao de professor de educacao fisica","1651","424","540","1968","765"
"2012","316","UNIVERSIDADE NOVE DE JULHO","Educacao fisica","394","265","530","276","187"
"2013","316","UNIVERSIDADE NOVE DE JULHO","Educacao fisica","613","345","140","140","512"
"2012","316","UNIVERSIDADE NOVE DE JULHO","Ciencias biologicas","625","73","228","956","210"
"2013","316","UNIVERSIDADE NOVE DE JULHO","Ciencias biologicas","679","105","350","814","275"
"2012","316","UNIVERSIDADE NOVE DE JULHO","Engenharia de producao","529","18","124","672","160"
"2013","316","UNIVERSIDADE NOVE DE JULHO","Engenharia de producao","528","58","219","484","207"
"2012","316","UNIVERSIDADE NOVE DE JULHO","Medicina","699","80","111","150","115"
"2013","316","UNIVERSIDADE NOVE DE JULHO","Medicina","712","94","100","424","100"
"2012","316","UNIVERSIDADE NOVE DE JULHO","Odontologia","1517","102","671","3285","660"
"2013","316","UNIVERSIDADE NOVE DE JULHO","Odontologia","2138","171","560","3610","941"
"2012","316","UNIVERSIDADE NOVE DE JULHO","Biomedicina","534","42","244","1182","241"
"2013","316","UNIVERSIDADE NOVE DE JULHO","Biomedicina","654","52","420","1182","336"
"2012","316","UNIVERSIDADE NOVE DE JULHO","Gestao logistica","1575","628","611","2772","856"
"2013","316","UNIVERSIDADE NOVE DE JULHO","Gestao logistica","1148","260","1200","1777","554"
"2012","316","UNIVERSIDADE NOVE DE JULHO","Biomedicina","592","64","170","1014","222"
"2013","316","UNIVERSIDADE NOVE DE JULHO","Biomedicina","641","89","350","1191","267"
"2012","316","UNIVERSIDADE NOVE DE JULHO","Biomedicina","296","14","121","659","118"
"2013","316","UNIVERSIDADE NOVE DE JULHO","Biomedicina","241","33","210","743","131"
"2012","316","UNIVERSIDADE NOVE DE JULHO","Psicologia","2016","263","676","4473","855"
"2013","316","UNIVERSIDADE NOVE DE JULHO","Psicologia","2287","250","1281","4445","963"
"2012","316","UNIVERSIDADE NOVE DE JULHO","Engenharia eletrica","1510","89","415","1454","482"
"2013","316","UNIVERSIDADE NOVE DE JULHO","Engenharia eletrica","1646","171","390","1343","533"
"2012","316","UNIVERSIDADE NOVE DE JULHO","Pedagogia","2419","1210","2116","4394","599"
"2013","316","UNIVERSIDADE NOVE DE JULHO","Pedagogia","2041","605","480","2312","1462"
"2012","316","UNIVERSIDADE NOVE DE JULHO","Analise e Desenvolvimento de Sistemas (Tecnologo)","384","68","199","836","210"
"2013","316","UNIVERSIDADE NOVE DE JULHO","Analise e Desenvolvimento de Sistemas (Tecnologo)","476","62","300","754","279"
"2012","316","UNIVERSIDADE NOVE DE JULHO","Banco de dados","172","42","68","269","99"
"2013","316","UNIVERSIDADE NOVE DE JULHO","Banco de dados","201","57","167","208","109"
"2012","316","UNIVERSIDADE NOVE DE JULHO","Empreendedorismo","533","186","244","1105","335"
"2013","316","UNIVERSIDADE NOVE DE JULHO","Empreendedorismo","444","120","364","700","256"
"2012","316","UNIVERSIDADE NOVE DE JULHO","Gestao financeira","502","130","336","1297","430"
"2013","316","UNIVERSIDADE NOVE DE JULHO","Gestao financeira","467","83","281","826","229"
"2012","316","UNIVERSIDADE NOVE DE JULHO","Tecnologia mecatr�nica","122","21","69","270","35"
"2013","316","UNIVERSIDADE NOVE DE JULHO","Tecnologia mecatr�nica","99","23","141","222","7"
"2012","316","UNIVERSIDADE NOVE DE JULHO","Tecnologia de radiologia","815","107","315","1481","352"
"2013","316","UNIVERSIDADE NOVE DE JULHO","Tecnologia de radiologia","870","134","490","1327","357"
"2012","316","UNIVERSIDADE NOVE DE JULHO","Administracao de redes","511","80","566","590","274"
"2013","316","UNIVERSIDADE NOVE DE JULHO","Administracao de redes","564","147","350","672","259"
"2012","316","UNIVERSIDADE NOVE DE JULHO","Secretariado","190","59","126","424","74"
"2013","316","UNIVERSIDADE NOVE DE JULHO","Secretariado","194","71","212","321","91"
"2012","316","UNIVERSIDADE NOVE DE JULHO","Seguranca da informacao","35","0","33","99","24"
"2013","316","UNIVERSIDADE NOVE DE JULHO","Seguranca da informacao","35","0","145","145","21"
"2012","316","UNIVERSIDADE NOVE DE JULHO","Uso da internet","62","0","37","175","33"
"2013","316","UNIVERSIDADE NOVE DE JULHO","Uso da internet","40","0","145","145","19"
"2012","316","UNIVERSIDADE NOVE DE JULHO","Analise e Desenvolvimento de Sistemas (Tecnologo)","889","159","410","1878","431"
"2013","316","UNIVERSIDADE NOVE DE JULHO","Analise e Desenvolvimento de Sistemas (Tecnologo)","952","176","490","1498","469"
"2012","316","UNIVERSIDADE NOVE DE JULHO","Analise e Desenvolvimento de Sistemas (Tecnologo)","363","86","165","879","189"
"2013","316","UNIVERSIDADE NOVE DE JULHO","Analise e Desenvolvimento de Sistemas (Tecnologo)","369","70","280","665","200"
"2012","316","UNIVERSIDADE NOVE DE JULHO","Banco de dados","39","0","24","199","24"
"2013","316","UNIVERSIDADE NOVE DE JULHO","Banco de dados","55","0","151","151","36"
"2012","316","UNIVERSIDADE NOVE DE JULHO","Tecnologia de radiologia","198","11","119","646","102"
"2013","316","UNIVERSIDADE NOVE DE JULHO","Tecnologia de radiologia","154","29","235","598","117"
"2012","316","UNIVERSIDADE NOVE DE JULHO","Administracao de redes","246","41","122","517","136"
"2013","316","UNIVERSIDADE NOVE DE JULHO","Administracao de redes","294","55","295","412","148"
"2012","316","UNIVERSIDADE NOVE DE JULHO","Administracao de redes","217","44","95","480","120"
"2013","316","UNIVERSIDADE NOVE DE JULHO","Administracao de redes","227","40","232","335","126"
"2012","316","UNIVERSIDADE NOVE DE JULHO","Seguranca da informacao","164","46","57","250","86"
"2013","316","UNIVERSIDADE NOVE DE JULHO","Seguranca da informacao","192","62","159","211","105"
"2012","316","UNIVERSIDADE NOVE DE JULHO","Seguranca da informacao","46","0","22","116","21"
"2013","316","UNIVERSIDADE NOVE DE JULHO","Seguranca da informacao","44","0","148","148","27"
"2012","316","UNIVERSIDADE NOVE DE JULHO","Uso da internet","125","26","50","288","64"
"2013","316","UNIVERSIDADE NOVE DE JULHO","Uso da internet","141","45","154","175","74"
"2012","316","UNIVERSIDADE NOVE DE JULHO","Uso da internet","53","2","28","141","37"
"2013","316","UNIVERSIDADE NOVE DE JULHO","Uso da internet","43","0","144","144","27"
"2012","316","UNIVERSIDADE NOVE DE JULHO","Formacao de professor de educacao fisica","1247","152","457","2287","484"
"2013","316","UNIVERSIDADE NOVE DE JULHO","Formacao de professor de educacao fisica","1270","0","600","2179","645"
"2012","316","UNIVERSIDADE NOVE DE JULHO","Banco de dados","23","0","14","96","14"
"2013","316","UNIVERSIDADE NOVE DE JULHO","Banco de dados","41","0","300","155","35"
"2012","316","UNIVERSIDADE NOVE DE JULHO","Empreendedorismo","314","76","183","766","216"
"2013","316","UNIVERSIDADE NOVE DE JULHO","Empreendedorismo","341","78","224","608","209"
"2012","316","UNIVERSIDADE NOVE DE JULHO","Empreendedorismo","176","64","90","463","120"
"2013","316","UNIVERSIDADE NOVE DE JULHO","Empreendedorismo","133","45","224","266","89"
"2012","316","UNIVERSIDADE NOVE DE JULHO","Gestao logistica","1266","405","665","2465","800"
"2013","316","UNIVERSIDADE NOVE DE JULHO","Gestao logistica","1115","131","513","1697","572"
"2012","316","UNIVERSIDADE NOVE DE JULHO","Gestao logistica","474","162","192","884","259"
"2013","316","UNIVERSIDADE NOVE DE JULHO","Gestao logistica","409","97","400","580","216"
"2012","316","UNIVERSIDADE NOVE DE JULHO","Pedagogia","438","91","172","1000","173"
"2013","316","UNIVERSIDADE NOVE DE JULHO","Pedagogia","458","118","210","908","200"
"2012","316","UNIVERSIDADE NOVE DE JULHO","Pedagogia","1281","492","520","2406","407"
"2013","316","UNIVERSIDADE NOVE DE JULHO","Pedagogia","1246","320","560","1631","712"
"2012","316","UNIVERSIDADE NOVE DE JULHO","Gestao financeira","1081","385","444","1808","636"
"2013","316","UNIVERSIDADE NOVE DE JULHO","Gestao financeira","936","196","600","1377","519"
"2012","316","UNIVERSIDADE NOVE DE JULHO","Administracao","3867","605","1103","4861","1515"
"2013","316","UNIVERSIDADE NOVE DE JULHO","Administracao","4055","508","565","4041","1460"
"2012","316","UNIVERSIDADE NOVE DE JULHO","Biomedicina","218","4","132","619","117"
"2013","316","UNIVERSIDADE NOVE DE JULHO","Biomedicina","242","18","168","575","112"
"2012","316","UNIVERSIDADE NOVE DE JULHO","Ciencia da computacao","759","69","292","1011","296"
"2013","316","UNIVERSIDADE NOVE DE JULHO","Ciencia da computacao","857","95","350","872","339"
"2012","316","UNIVERSIDADE NOVE DE JULHO","Ciencias contabeis","1397","176","501","2094","618"
"2013","316","UNIVERSIDADE NOVE DE JULHO","Ciencias contabeis","1624","193","490","1678","640"
"2012","316","UNIVERSIDADE NOVE DE JULHO","Comunicacao social (redacao e conteudo)","18","11","210","0","2"
"2013","316","UNIVERSIDADE NOVE DE JULHO","Jornalismo","1","1","210","0","0"
"2012","316","UNIVERSIDADE NOVE DE JULHO","Comunicacao social (redacao e conteudo)","620","66","262","1102","318"
"2013","316","UNIVERSIDADE NOVE DE JULHO","Publicidade e propaganda","688","77","420","1068","291"
"2012","316","UNIVERSIDADE NOVE DE JULHO","Direito","1163","25","588","3095","725"
"2013","316","UNIVERSIDADE NOVE DE JULHO","Direito","1423","63","396","2899","595"
"2012","316","UNIVERSIDADE NOVE DE JULHO","Enfermagem","1059","177","355","1719","357"
"2013","316","UNIVERSIDADE NOVE DE JULHO","Enfermagem","1097","197","700","1917","402"
"2012","316","UNIVERSIDADE NOVE DE JULHO","Engenharia civil","2669","40","1257","4628","1204"
"2013","316","UNIVERSIDADE NOVE DE JULHO","Engenharia civil","3446","136","558","4042","1364"
"2012","316","UNIVERSIDADE NOVE DE JULHO","Engenharia eletrica","450","11","515","437","200"
"2013","316","UNIVERSIDADE NOVE DE JULHO","Engenharia eletrica","566","53","238","809","239"
"2012","316","UNIVERSIDADE NOVE DE JULHO","Engenharia de producao","372","33","280","123","15"
"2013","316","UNIVERSIDADE NOVE DE JULHO","Engenharia de producao","314","57","420","230","16"
"2012","316","UNIVERSIDADE NOVE DE JULHO","Fisioterapia","421","15","251","1171","237"
"2013","316","UNIVERSIDADE NOVE DE JULHO","Fisioterapia","461","28","280","868","205"
"2012","316","UNIVERSIDADE NOVE DE JULHO","Seguranca da informacao","0","0","140","0","1"
"2013","316","UNIVERSIDADE NOVE DE JULHO","Seguranca da informacao","0","0","140","0","0"
"2012","316","UNIVERSIDADE NOVE DE JULHO","Administracao de redes","272","76","142","616","158"
"2013","316","UNIVERSIDADE NOVE DE JULHO","Administracao de redes","278","52","300","378","138"
"2012","316","UNIVERSIDADE NOVE DE JULHO","Tecnologia de radiologia","323","30","147","665","139"
"2013","316","UNIVERSIDADE NOVE DE JULHO","Tecnologia de radiologia","307","42","280","568","95"
"2012","316","UNIVERSIDADE NOVE DE JULHO","Gestao logistica","1048","442","416","1724","515"
"2013","316","UNIVERSIDADE NOVE DE JULHO","Gestao logistica","801","123","600","1355","430"
"2012","316","UNIVERSIDADE NOVE DE JULHO","Marketing e propaganda","588","155","315","1298","387"
"2013","316","UNIVERSIDADE NOVE DE JULHO","Marketing e propaganda","574","98","321","952","315"
"2012","316","UNIVERSIDADE NOVE DE JULHO","Gestao financeira","649","195","375","1351","449"
"2013","316","UNIVERSIDADE NOVE DE JULHO","Gestao financeira","634","110","420","1102","368"
"2012","316","UNIVERSIDADE NOVE DE JULHO","Empreendedorismo","266","57","146","625","175"
"2013","316","UNIVERSIDADE NOVE DE JULHO","Empreendedorismo","309","75","226","484","179"
"2012","316","UNIVERSIDADE NOVE DE JULHO","Pedagogia","1370","526","798","2810","527"
"2013","316","UNIVERSIDADE NOVE DE JULHO","Pedagogia","1431","223","560","2050","872"
"2012","316","UNIVERSIDADE NOVE DE JULHO","Negocios internacionais","5","4","140","0","1"
"2013","316","UNIVERSIDADE NOVE DE JULHO","Negocios internacionais","0","0","140","0","0"
"2012","316","UNIVERSIDADE NOVE DE JULHO","Analise e Desenvolvimento de Sistemas (Tecnologo)","477","67","293","1134","296"
"2013","316","UNIVERSIDADE NOVE DE JULHO","Analise e Desenvolvimento de Sistemas (Tecnologo)","679","79","412","1009","373"
"2012","316","UNIVERSIDADE NOVE DE JULHO","Servico social","398","130","173","730","163"
"2013","316","UNIVERSIDADE NOVE DE JULHO","Servico social","440","46","350","926","259"
"2012","316","UNIVERSIDADE NOVE DE JULHO","Farmacia","1264","119","364","1249","372"
"2013","316","UNIVERSIDADE NOVE DE JULHO","Farmacia","1356","195","560","1265","423"
"2012","316","UNIVERSIDADE NOVE DE JULHO","Ciencias biologicas","134","11","132","377","54"
"2013","316","UNIVERSIDADE NOVE DE JULHO","Ciencias biologicas","112","19","135","254","42"
"2012","316","UNIVERSIDADE NOVE DE JULHO","Ciencias biologicas","144","36","35","437","36"
"2013","316","UNIVERSIDADE NOVE DE JULHO","Ciencias biologicas","72","20","141","327","3"
"2012","316","UNIVERSIDADE NOVE DE JULHO","Ciencias biologicas","139","15","140","280","44"
"2013","316","UNIVERSIDADE NOVE DE JULHO","Ciencias biologicas","94","25","140","255","11"
"2012","316","UNIVERSIDADE NOVE DE JULHO","Engenharia de producao","267","0","177","869","168"
"2013","316","UNIVERSIDADE NOVE DE JULHO","Engenharia de producao","300","0","228","675","189"
"2012","316","UNIVERSIDADE NOVE DE JULHO","Engenharia eletrica","271","0","182","801","157"
"2013","316","UNIVERSIDADE NOVE DE JULHO","Engenharia eletrica","345","0","226","726","224"
"2012","316","UNIVERSIDADE NOVE DE JULHO","Desenho industrial (artistico)","272","62","90","535","81"
"2013","316","UNIVERSIDADE NOVE DE JULHO","Desenho industrial (artistico)","239","45","210","396","52"
"2012","316","UNIVERSIDADE NOVE DE JULHO","Tecnologia de radiologia","405","23","196","926","171"
"2013","316","UNIVERSIDADE NOVE DE JULHO","Tecnologia de radiologia","417","54","260","922","205"
"2012","316","UNIVERSIDADE NOVE DE JULHO","Servico social","440","82","181","956","174"
"2013","316","UNIVERSIDADE NOVE DE JULHO","Servico social","476","32","237","909","228"
"2012","316","UNIVERSIDADE NOVE DE JULHO","Servico social","1001","225","371","1563","453"
"2013","316","UNIVERSIDADE NOVE DE JULHO","Servico social","1013","77","490","1527","426"
"2012","316","UNIVERSIDADE NOVE DE JULHO","Servico social","0","0","140","319","0"
"2013","316","UNIVERSIDADE NOVE DE JULHO","Servico social","39","0","143","505","54"
"2012","316","UNIVERSIDADE NOVE DE JULHO","Gestao de qualidade","623","195","289","1175","294"
"2013","316","UNIVERSIDADE NOVE DE JULHO","Gestao de qualidade","554","125","318","815","265"
"2012","316","UNIVERSIDADE NOVE DE JULHO","Gestao de qualidade","455","157","213","699","221"
"2013","316","UNIVERSIDADE NOVE DE JULHO","Gestao de qualidade","435","60","238","581","223"
"2012","316","UNIVERSIDADE NOVE DE JULHO","Engenharia civil","959","0","711","3188","658"
"2013","316","UNIVERSIDADE NOVE DE JULHO","Engenharia civil","1329","0","412","3120","824"
"2012","316","UNIVERSIDADE NOVE DE JULHO","Engenharia eletrica","318","0","160","774","157"
"2013","316","UNIVERSIDADE NOVE DE JULHO","Engenharia eletrica","355","0","299","740","220"
"2012","316","UNIVERSIDADE NOVE DE JULHO","Empreendedorismo","222","52","140","594","177"
"2013","316","UNIVERSIDADE NOVE DE JULHO","Empreendedorismo","231","66","170","433","147"
"2012","316","UNIVERSIDADE NOVE DE JULHO","Empreendedorismo","446","132","232","1113","340"
"2013","316","UNIVERSIDADE NOVE DE JULHO","Empreendedorismo","550","89","213","876","398"
"2012","316","UNIVERSIDADE NOVE DE JULHO","Empreendedorismo","161","47","73","446","116"
"2013","316","UNIVERSIDADE NOVE DE JULHO","Empreendedorismo","143","35","171","293","118"
"2012","316","UNIVERSIDADE NOVE DE JULHO","Empreendedorismo","124","7","409","254","147"
"2013","316","UNIVERSIDADE NOVE DE JULHO","Empreendedorismo","214","41","176","628","161"
"2012","316","UNIVERSIDADE NOVE DE JULHO","Nutricao","465","34","228","1062","198"
"2013","316","UNIVERSIDADE NOVE DE JULHO","Nutricao","470","58","210","873","211"
"2012","316","UNIVERSIDADE NOVE DE JULHO","Ciencia da computacao","750","50","305","1122","296"
"2013","316","UNIVERSIDADE NOVE DE JULHO","Ciencia da computacao","807","93","490","861","303"
"2012","316","UNIVERSIDADE NOVE DE JULHO","Ciencia da computacao","298","0","134","578","140"
"2013","316","UNIVERSIDADE NOVE DE JULHO","Ciencia da computacao","362","41","223","458","151"
"2012","316","UNIVERSIDADE NOVE DE JULHO","Ciencia da computacao","180","0","93","385","86"
"2013","316","UNIVERSIDADE NOVE DE JULHO","Ciencia da computacao","173","8","159","364","74"
"2012","316","UNIVERSIDADE NOVE DE JULHO","Telecomunicac�es","58","3","34","223","26"
"2013","316","UNIVERSIDADE NOVE DE JULHO","Telecomunicac�es","55","14","142","178","3"
"2012","316","UNIVERSIDADE NOVE DE JULHO","Gestao de qualidade","164","48","84","332","93"
"2013","316","UNIVERSIDADE NOVE DE JULHO","Gestao de qualidade","138","32","217","274","66"
"2012","316","UNIVERSIDADE NOVE DE JULHO","Gestao de qualidade","242","20","162","566","137"
"2013","316","UNIVERSIDADE NOVE DE JULHO","Gestao de qualidade","266","38","218","474","135"
"2012","316","UNIVERSIDADE NOVE DE JULHO","Ciencia da computacao","363","28","169","694","158"
"2013","316","UNIVERSIDADE NOVE DE JULHO","Ciencia da computacao","440","37","350","616","209"
"2012","316","UNIVERSIDADE NOVE DE JULHO","Formacao de professor de sociologia","248","28","150","846","141"
"2013","316","UNIVERSIDADE NOVE DE JULHO","Formacao de professor de sociologia","253","66","166","543","92"
"2012","316","UNIVERSIDADE NOVE DE JULHO","Formacao de professor de quimica","97","4","65","476","54"
"2013","316","UNIVERSIDADE NOVE DE JULHO","Formacao de professor de quimica","176","27","168","606","131"
"2012","316","UNIVERSIDADE NOVE DE JULHO","Gestao da informacao","387","48","257","927","249"
"2013","316","UNIVERSIDADE NOVE DE JULHO","Gestao da informacao","467","70","280","907","234"
"2012","316","UNIVERSIDADE NOVE DE JULHO","Gestao da informacao","125","0","132","518","123"
"2013","316","UNIVERSIDADE NOVE DE JULHO","Gestao da informacao","233","9","172","617","176"
"2012","316","UNIVERSIDADE NOVE DE JULHO","Gestao da informacao","121","0","84","446","74"
"2013","316","UNIVERSIDADE NOVE DE JULHO","Gestao da informacao","187","13","186","455","130"
"2012","316","UNIVERSIDADE NOVE DE JULHO","Gestao da informacao","133","0","83","420","84"
"2013","316","UNIVERSIDADE NOVE DE JULHO","Gestao da informacao","204","24","171","416","147"
"2012","316","UNIVERSIDADE NOVE DE JULHO","Engenharia mec�nica","344","0","263","1220","250"
"2013","316","UNIVERSIDADE NOVE DE JULHO","Engenharia mec�nica","459","0","297","1057","325"
"2012","316","UNIVERSIDADE NOVE DE JULHO","Engenharia mec�nica","300","0","255","808","235"
"2013","316","UNIVERSIDADE NOVE DE JULHO","Engenharia mec�nica","441","0","244","798","283"
"2012","316","UNIVERSIDADE NOVE DE JULHO","Engenharia mec�nica","627","0","295","1257","325"
"2013","316","UNIVERSIDADE NOVE DE JULHO","Engenharia mec�nica","793","0","300","1028","377"
"2012","316","UNIVERSIDADE NOVE DE JULHO","Engenharia mec�nica","251","0","1060","866","190"
"2013","316","UNIVERSIDADE NOVE DE JULHO","Engenharia mec�nica","311","0","227","716","211"
"2012","316","UNIVERSIDADE NOVE DE JULHO","Tecnologia em desenvolvimento de softwares","34","0","46","245","40"
"2013","316","UNIVERSIDADE NOVE DE JULHO","Tecnologia em desenvolvimento de softwares","77","0","162","254","79"
"2012","316","UNIVERSIDADE NOVE DE JULHO","Eventos","68","0","101","644","73"
"2013","316","UNIVERSIDADE NOVE DE JULHO","Eventos","124","3","145","764","102"
"2012","316","UNIVERSIDADE NOVE DE JULHO","Formacao de professor de educacao fisica","93","0","115","828","97"
"2013","316","UNIVERSIDADE NOVE DE JULHO","Formacao de professor de educacao fisica","137","0","141","796","111"
"2012","316","UNIVERSIDADE NOVE DE JULHO","Secretariado","25","0","140","260","29"
"2013","316","UNIVERSIDADE NOVE DE JULHO","Secretariado","36","0","151","175","29"
"2012","316","UNIVERSIDADE NOVE DE JULHO","Secretariado","20","0","140","277","24"
"2013","316","UNIVERSIDADE NOVE DE JULHO","Secretariado","42","0","151","213","48"
"2012","316","UNIVERSIDADE NOVE DE JULHO","Banco de dados","3","1","35","50","4"
"2013","316","UNIVERSIDADE NOVE DE JULHO","Banco de dados","0","0","35","35","0"
"2013","316","UNIVERSIDADE NOVE DE JULHO","Tecnologia em desenvolvimento de softwares","19","0","151","195","47"
"2013","316","UNIVERSIDADE NOVE DE JULHO","Formacao de professor de matematica","23","0","143","447","45"
"2013","316","UNIVERSIDADE NOVE DE JULHO","Formacao de professor de historia","53","0","144","582","78"
"2012","316","UNIVERSIDADE NOVE DE JULHO","Formacao de professor de lingua/literatura estrangeira moderna","1","0","240","0","1"
"2012","316","UNIVERSIDADE NOVE DE JULHO","Formacao de professor de lingua/literatura estrangeira moderna","599","146","208","1165","223"
"2012","316","UNIVERSIDADE NOVE DE JULHO","Formacao de professor de lingua/literatura estrangeira moderna","190","29","102","591","92"
"2013","316","UNIVERSIDADE NOVE DE JULHO","Formacao de professor de lingua/literatura estrangeira moderna","0","0","240","0","0"
"2013","316","UNIVERSIDADE NOVE DE JULHO","Formacao de professor de lingua/literatura estrangeira moderna","593","162","390","865","249"
"2013","316","UNIVERSIDADE NOVE DE JULHO","Formacao de professor de lingua/literatura estrangeira moderna","135","32","140","262","9"
"2012","316","UNIVERSIDADE NOVE DE JULHO","Tradutor e interprete","406","62","208","888","188"
"2012","316","UNIVERSIDADE NOVE DE JULHO","Tradutor e interprete","74","4","108","354","45"
"2013","316","UNIVERSIDADE NOVE DE JULHO","Tradutor e interprete","474","69","280","647","216"
"2013","316","UNIVERSIDADE NOVE DE JULHO","Tradutor e interprete","59","6","140","163","6"
"2013","316","UNIVERSIDADE NOVE DE JULHO","Tradutor e interprete","57","0","141","347","79"
